{"Ferrari04101.jpg314637":{"filename":"Ferrari04101.jpg","size":314637,"regions":[{"shape_attributes":{"name":"polygon","all_points_x":[461,482,495,668,675,1062,1058,1069,1211,1235,1208,967,695],"all_points_y":[594,366,285,302,170,180,234,322,315,519,641,611,600]},"region_attributes":{"name":"not_defined","type":"unknown","image_quality":{"good":true,"frontal":true,"good_illumination":true},"names":"Car"}}],"file_attributes":{"caption":"","public_domain":"no","image_url":""}},"Ferrari04121.jpg242498":{"filename":"Ferrari04121.jpg","size":242498,"regions":[{"shape_attributes":{"name":"polygon","all_points_x":[1106,787,750,692,583,543,577,723,719,940,1119,1153,1157,1218,1357,1357,1364,1404,1408,1547,1574,1594,1391,1119,997,943,807],"all_points_y":[624,658,594,526,539,482,319,309,193,187,180,197,265,319,319,427,472,472,414,404,563,641,651,648,645,645,655]},"region_attributes":{"name":"not_defined","type":"unknown","image_quality":{"good":true,"frontal":true,"good_illumination":true},"names":"Car"}}],"file_attributes":{"caption":"","public_domain":"no","image_url":""}},"Ferrari04181.jpg326091":{"filename":"Ferrari04181.jpg","size":326091,"regions":[{"shape_attributes":{"name":"polygon","all_points_x":[458,458,373,343,373,553,631,573,543,807,1045,1038,1028,1082,1082,1265,1265,1370,1391,1394,1116,668],"all_points_y":[658,567,573,468,302,299,343,244,119,129,115,275,319,319,271,288,370,366,539,655,651,672]},"region_attributes":{"name":"not_defined","type":"unknown","image_quality":{"good":true,"frontal":true,"good_illumination":true},"names":"Car"}}],"file_attributes":{"caption":"","public_domain":"no","image_url":""}},"Ferrari04201.jpg406595":{"filename":"Ferrari04201.jpg","size":406595,"regions":[{"shape_attributes":{"name":"polygon","all_points_x":[504,677,691,698,1132,1146,1332,1349,1319,450],"all_points_y":[325,321,321,169,162,311,325,525,678,674]},"region_attributes":{"name":"not_defined","type":"unknown","image_quality":{"good":true,"frontal":true,"good_illumination":true},"names":"Car"}}],"file_attributes":{"caption":"","public_domain":"no","image_url":""}},"Ferrari04221.jpg284738":{"filename":"Ferrari04221.jpg","size":284738,"regions":[{"shape_attributes":{"name":"polygon","all_points_x":[414,1065,1130,1184,1211,1387,1560,1598,1611,1554,1408,1472,916,875,913,821,780,767,712,685,668,658,617,607,614,607,563,553,611,607,604,594,580,577,533,560,539,492],"all_points_y":[736,743,716,740,695,621,631,600,410,339,332,207,163,248,288,302,336,343,366,377,356,343,343,353,390,397,404,410,424,448,478,485,485,441,458,492,505,478]},"region_attributes":{"name":"not_defined","type":"unknown","image_quality":{"good":true,"frontal":true,"good_illumination":true},"names":"Car"}}],"file_attributes":{"caption":"","public_domain":"no","image_url":""}},"Ferrari04361.jpg226549":{"filename":"Ferrari04361.jpg","size":226549,"regions":[{"shape_attributes":{"name":"polygon","all_points_x":[136,132,98,197,231,275,336,397,455,628,740,906,977,1082,1123,1272,1289,1306,1316,1350,1357,1482,1510,1638,1649,1649,1645,1638,1638,1638,1635,1567,1459,1408,1401,1411,1411,1377,1377,1265,1164,1106,1035,997,967,906,862,834,807,804,790,780,767,689,706,712,668,631,604,600,587,577,533,478,478,468,441,427,397,373,332,315,265,210,207],"all_points_y":[587,668,689,695,729,736,743,695,695,733,726,709,709,723,723,743,743,740,736,712,712,716,716,740,695,628,594,553,505,468,441,383,363,363,360,282,248,220,200,180,180,180,180,180,173,166,166,166,166,166,200,220,248,248,315,343,343,343,343,343,329,315,288,312,329,370,383,383,383,383,383,377,370,370,370]},"region_attributes":{"name":"not_defined","type":"unknown","image_quality":{"good":true,"frontal":true,"good_illumination":true},"names":"Car"}}],"file_attributes":{"caption":"","public_domain":"no","image_url":""}},"Ferrari04381.jpg216521":{"filename":"Ferrari04381.jpg","size":216521,"regions":[{"shape_attributes":{"name":"polygon","all_points_x":[346,322,573,594,760,882,1062,1367,1591,1727,1703,1442,1445,1133,1106,1109,1113,1065,1052,1038,1028,1011,984,970,943,957,943,885,831,807,753,770,702,689,628],"all_points_y":[451,804,818,790,828,824,841,831,831,804,431,424,224,220,207,170,153,129,129,129,129,129,129,132,139,180,214,214,210,210,271,383,383,356,346]},"region_attributes":{"name":"not_defined","type":"unknown","image_quality":{"good":true,"frontal":true,"good_illumination":true},"names":"Car"}}],"file_attributes":{"caption":"","public_domain":"no","image_url":""}},"Ferrari04401.jpg229471":{"filename":"Ferrari04401.jpg","size":229471,"regions":[{"shape_attributes":{"name":"polygon","all_points_x":[224,207,183,234,288,360,614,614,1523,1510,1747,1706,1625,1418,1418,1313,1228,1041,1052,858,509],"all_points_y":[485,522,885,919,913,936,953,899,919,953,953,519,505,478,431,421,278,265,173,180,275]},"region_attributes":{"name":"not_defined","type":"unknown","image_quality":{"good":true,"frontal":true,"good_illumination":true},"names":"Car"}}],"file_attributes":{"caption":"","public_domain":"no","image_url":""}},"McLaren02381.jpg270526":{"filename":"McLaren02381.jpg","size":270526,"regions":[{"shape_attributes":{"name":"polygon","all_points_x":[0,159,197,231,261,377,563,702,1011,1004,1119,1092,1435,1740,1774,1917,1910,1510,1489,1323,377,237,166,7],"all_points_y":[417,421,465,438,427,414,397,302,315,207,200,241,234,349,271,261,760,750,682,689,706,634,716,716]},"region_attributes":{"name":"not_defined","type":"unknown","image_quality":{"good":true,"frontal":true,"good_illumination":true},"names":"Car"}}],"file_attributes":{"caption":"","public_domain":"no","image_url":""}},"McLaren02401.jpg244475":{"filename":"McLaren02401.jpg","size":244475,"regions":[{"shape_attributes":{"name":"polygon","all_points_x":[7,129,180,292,448,617,848,841,848,953,953,1228,1340,1381,1801,1852,1856,1089,1075,173,7],"all_points_y":[488,499,543,495,478,397,390,336,282,275,315,305,380,349,336,380,760,780,716,726,773]},"region_attributes":{"name":"not_defined","type":"unknown","image_quality":{"good":true,"frontal":true,"good_illumination":true},"names":"Car"}}],"file_attributes":{"caption":"","public_domain":"no","image_url":""}},"McLaren02461.jpg242612":{"filename":"McLaren02461.jpg","size":242612,"regions":[{"shape_attributes":{"name":"polygon","all_points_x":[499,509,587,641,729,760,879,899,926,980,1082,1096,1160,1214,1350,1530,1598,1605],"all_points_y":[573,533,526,472,465,488,451,424,458,404,404,336,356,370,397,370,421,546]},"region_attributes":{"name":"not_defined","type":"unknown","image_quality":{"good":true,"frontal":true,"good_illumination":true},"names":"Car"}}],"file_attributes":{"caption":"","public_domain":"no","image_url":""}},"McLaren02481.jpg265189":{"filename":"McLaren02481.jpg","size":265189,"regions":[{"shape_attributes":{"name":"polygon","all_points_x":[332,343,421,499,577,723,807,933,899,1170,1394,1381],"all_points_y":[587,533,539,458,492,458,424,438,370,397,410,587]},"region_attributes":{"name":"not_defined","type":"unknown","image_quality":{"good":true,"frontal":true,"good_illumination":true},"names":"Car"}}],"file_attributes":{"caption":"","public_domain":"no","image_url":""}},"McLaren02501.jpg299616":{"filename":"McLaren02501.jpg","size":299616,"regions":[{"shape_attributes":{"name":"polygon","all_points_x":[455,461,536,594,672,675,773,848,885,970,974,1201,1401,1432,1445],"all_points_y":[573,546,536,468,478,516,465,444,417,410,343,397,380,397,570]},"region_attributes":{"name":"not_defined","type":"unknown","image_quality":{"good":true,"frontal":true,"good_illumination":true},"names":"Car"}}],"file_attributes":{"caption":"","public_domain":"no","image_url":""}},"McLaren02521.jpg298981":{"filename":"McLaren02521.jpg","size":298981,"regions":[{"shape_attributes":{"name":"polygon","all_points_x":[509,519,604,648,726,729,824,902,943,1014,1014,1079,1106,1398,1432,1465],"all_points_y":[566,532,525,447,444,505,444,430,390,400,339,335,356,359,386,556]},"region_attributes":{"name":"not_defined","type":"unknown","image_quality":{"good":true,"frontal":true,"good_illumination":true},"names":"Car"}}],"file_attributes":{"caption":"","public_domain":"no","image_url":""}},"McLaren02541.jpg224445":{"filename":"McLaren02541.jpg","size":224445,"regions":[{"shape_attributes":{"name":"polygon","all_points_x":[567,567,631,651,743,818,865,936,885,970,1018,1052,1340,1350,1425,1391,1038,567],"all_points_y":[495,455,465,373,383,410,370,363,322,315,315,282,278,329,444,519,553,519]},"region_attributes":{"name":"not_defined","type":"unknown","image_quality":{"good":true,"frontal":true,"good_illumination":true},"names":"Car"}}],"file_attributes":{"caption":"","public_domain":"no","image_url":""}},"McLaren02641.jpg370693":{"filename":"McLaren02641.jpg","size":370693,"regions":[{"shape_attributes":{"name":"polygon","all_points_x":[346,346,417,529,522,987,997,994,1052,1184,1214,1316,1337,1370,519],"all_points_y":[509,278,258,261,112,105,214,285,241,254,329,339,370,600,614]},"region_attributes":{"name":"not_defined","type":"unknown","image_quality":{"good":true,"frontal":true,"good_illumination":true},"names":"Car"}}],"file_attributes":{"caption":"","public_domain":"no","image_url":""}},"McLaren02661.jpg419777":{"filename":"McLaren02661.jpg","size":419777,"regions":[{"shape_attributes":{"name":"polygon","all_points_x":[502,512,600,706,716,1228,1228,1225,1282,1452,1482,1564,1621,1608,1608,1621,634],"all_points_y":[580,302,282,288,112,105,275,312,271,275,380,377,587,655,682,668,706]},"region_attributes":{"name":"not_defined","type":"unknown","image_quality":{"good":true,"frontal":true,"good_illumination":true},"names":"Car"}}],"file_attributes":{"caption":"","public_domain":"no","image_url":""}},"McLaren02681.jpg461085":{"filename":"McLaren02681.jpg","size":461085,"regions":[{"shape_attributes":{"name":"polygon","all_points_x":[583,614,685,699,902,940,1503,1499,1513,1727,1761,1676],"all_points_y":[753,427,424,329,332,119,105,285,329,312,590,790]},"region_attributes":{"name":"not_defined","type":"unknown","image_quality":{"good":true,"frontal":true,"good_illumination":true},"names":"Car"}}],"file_attributes":{"caption":"","public_domain":"no","image_url":""}},"McLaren02941.jpg324081":{"filename":"McLaren02941.jpg","size":324081,"regions":[{"shape_attributes":{"name":"polygon","all_points_x":[716,879,1089,1194,1316,1370,1618,1723,1740,1744,1706,1771,1832,1700,1659,1387,1130,1058,767,173,193,10,0],"all_points_y":[689,733,706,678,692,729,729,641,533,424,370,356,180,156,105,122,115,166,51,44,180,139,682]},"region_attributes":{"name":"not_defined","type":"unknown","image_quality":{"good":true,"frontal":true,"good_illumination":true},"names":"Car"}}],"file_attributes":{"caption":"","public_domain":"no","image_url":""}},"McLaren03961.jpg338225":{"filename":"McLaren03961.jpg","size":338225,"regions":[{"shape_attributes":{"name":"polygon","all_points_x":[193,102,112,180,156,220,244,821,818,896,1194,1133,1309,1255,1296,1337,1360,1381,1364,1292,1265,1259,1309,1343,1370,1479,1516,1577,1571,1598,1618,1628,1689,1710,1716,1716,1733,1764,1784,1794,1798,1771,1771,1828,1883,1917],"all_points_y":[699,631,414,356,193,200,153,159,180,146,187,126,129,166,207,187,187,204,248,265,282,285,288,288,275,271,275,288,343,390,390,373,380,383,383,356,343,343,343,356,383,397,404,424,434,814]},"region_attributes":{"name":"not_defined","type":"unknown","image_quality":{"good":true,"frontal":true,"good_illumination":true},"names":"Car"}}],"file_attributes":{"caption":"","public_domain":"no","image_url":""}}}